SYMBOL,CLOSING PRICE,DAY,DATE
T,40.799999,0,2017-01-09
T,41.32,4,2017-01-06
T,41.950001,3,2017-02-23
T,41.59,2,2017-02-22
T,41.119999,2,2017-02-15
T,40.75,1,2017-02-14
T,41.060001,0,2017-02-06
T,41.25,4,2017-02-03
T,41.360001,1,2017-01-24
T,42.00,0,2017-01-23
T,42.16,1,2017-01-31
T,41.82,0,2017-01-30
T,40.799999,2,2017-01-18
T,41.110001,1,2017-01-17
T,41.310001,3,2017-02-09
T,41.209999,2,2017-02-08
T,42.650002,3,2017-01-05
T,42.77,2,2017-01-04
T,42.00,0,2017-01-23
T,41.450001,4,2017-01-20
T,42.009998,4,2017-03-03
T,42.07,3,2017-03-02
T,41.009998,3,2017-01-12
T,40.610001,2,2017-01-11
T,40.810001,1,2017-01-10
T,40.799999,0,2017-01-09
T,41.959999,0,2017-03-06
T,42.009998,4,2017-03-03
T,41.77,2,2017-03-08
T,41.880001,1,2017-03-07
T,41.68,4,2017-03-24
T,41.650002,3,2017-03-23
T,42.080002,1,2017-03-21
T,42.419998,0,2017-03-20
T,42.610001,4,2017-03-17
T,42.439999,3,2017-03-16
T,41.77,3,2017-01-26
T,41.389999,2,2017-01-25
T,40.650002,0,2017-02-13
T,41.380001,4,2017-02-10
T,41.380001,4,2017-02-10
T,41.310001,3,2017-02-09
T,41.549999,4,2017-03-31
T,41.759998,3,2017-03-30
T,41.32,4,2017-01-06
T,42.650002,3,2017-01-05
T,41.25,3,2017-02-16
T,41.119999,2,2017-02-15
T,41.18,3,2017-02-02
T,42.060001,2,2017-02-01
T,42.09,1,2017-03-14
T,42.369999,0,2017-03-13
T,41.82,0,2017-02-27
T,42.360001,4,2017-02-24
T,42.77,2,2017-01-04
T,43.02,1,2017-01-03
T,42.419998,0,2017-03-20
T,42.610001,4,2017-03-17
T,41.790001,1,2017-02-28
T,41.82,0,2017-02-27
T,42.060001,2,2017-02-01
T,42.16,1,2017-01-31
T,42.07,3,2017-03-02
T,42.040001,2,2017-03-01
T,41.00,3,2017-01-19
T,40.799999,2,2017-01-18
T,41.560001,1,2017-03-28
T,41.490002,0,2017-03-27
T,40.610001,2,2017-01-11
T,40.810001,1,2017-01-10
T,41.110001,1,2017-01-17
T,40.959999,4,2017-01-13
T,41.25,4,2017-02-03
T,41.18,3,2017-02-02
T,42.009998,4,2017-01-27
T,41.77,3,2017-01-26
T,41.650002,2,2017-03-22
T,42.080002,1,2017-03-21
T,41.73,1,2017-02-21
T,41.48,4,2017-02-17
T,41.450001,4,2017-01-20
T,41.00,3,2017-01-19
T,41.490002,0,2017-03-27
T,41.68,4,2017-03-24
T,42.369999,0,2017-03-13
T,42.349998,4,2017-03-10
T,41.209999,2,2017-02-08
T,41.119999,1,2017-02-07
T,40.75,1,2017-02-14
T,40.650002,0,2017-02-13
T,40.959999,4,2017-01-13
T,41.009998,3,2017-01-12
T,41.48,4,2017-02-17
T,41.25,3,2017-02-16
T,42.439999,3,2017-03-16
T,42.59,2,2017-03-15
T,41.939999,3,2017-03-09
T,41.77,2,2017-03-08
T,41.759998,3,2017-03-30
T,41.450001,2,2017-03-29
T,42.360001,4,2017-02-24
T,41.950001,3,2017-02-23
T,41.82,0,2017-01-30
T,42.009998,4,2017-01-27
T,41.450001,2,2017-03-29
T,41.560001,1,2017-03-28
T,42.529999,4,2016-12-30
T,41.59,2,2017-02-22
T,41.73,1,2017-02-21
T,42.349998,4,2017-03-10
T,41.939999,3,2017-03-09
T,41.119999,1,2017-02-07
T,41.060001,0,2017-02-06
T,41.880001,1,2017-03-07
T,41.959999,0,2017-03-06
T,41.389999,2,2017-01-25
T,41.360001,1,2017-01-24
T,42.59,2,2017-03-15
T,42.09,1,2017-03-14
T,42.040001,2,2017-03-01
T,41.790001,1,2017-02-28
T,43.02,1,2017-01-03
T,35.27,3,2015-06-04
T,35.03,2,2015-06-03
T,33.07,1,2015-03-24
T,33.28,0,2015-03-23
T,34.35,0,2015-06-01
T,34.54,4,2015-05-29
T,33.16,1,2015-04-07
T,33.33,0,2015-04-06
T,32.89,2,2015-04-01
T,32.65,1,2015-03-31
T,34.33,4,2015-05-15
T,34.13,3,2015-05-14
T,34.59,0,2015-06-08
T,34.57,4,2015-06-05
T,34.57,4,2015-06-05
T,35.27,3,2015-06-04
T,34.95,2,2015-05-27
T,34.67,1,2015-05-26
T,34.64,3,2015-04-30
T,34.76,2,2015-04-29
T,32.66,1,2015-04-21
T,32.83,0,2015-04-20
T,34.42,4,2015-05-01
T,34.64,3,2015-04-30
T,32.65,2,2015-04-08
T,34.37,1,2015-05-19
T,34.87,0,2015-05-18
T,34.87,0,2015-05-18
T,34.33,4,2015-05-15
T,34.41,0,2015-06-15
T,34.650002,4,2015-06-12
T,32.65,1,2015-03-31
T,32.97,0,2015-03-30
T,34.53,0,2015-05-04
T,34.42,4,2015-05-01
T,34.01,4,2015-04-24
T,34.23,3,2015-04-23
T,34.80,3,2015-05-28
T,34.95,2,2015-05-27
T,32.65,2,2015-04-08
T,33.16,1,2015-04-07
T,33.69,4,2015-05-08
T,33.37,3,2015-05-07
T,32.83,0,2015-04-20
T,32.51,4,2015-04-17
T,34.13,3,2015-05-14
T,33.90,2,2015-05-13
T,34.509998,1,2015-06-09
T,34.59,0,2015-06-08
T,34.62,2,2015-05-20
T,34.37,1,2015-05-19
T,35.07,3,2015-05-21
T,34.62,2,2015-05-20
T,33.13,3,2015-04-02
T,32.89,2,2015-04-01
T,34.86,1,2015-04-28
T,34.09,0,2015-04-27
T,33.23,4,2015-03-20
T,33.20,3,2015-03-19
T,33.59,2,2015-03-18
T,32.90,1,2015-03-17
T,33.06,0,2015-03-16
T,32.76,4,2015-03-13
T,33.13,3,2015-03-12
T,32.62,2,2015-03-11
T,32.78,1,2015-03-10
T,33.35,0,2015-03-09
T,33.48,4,2015-03-06
T,34.00,3,2015-03-05
T,34.00,2,2015-03-04
T,34.41,1,2015-03-03
T,34.64,0,2015-03-02
T,34.56,4,2015-02-27
T,34.50,3,2015-02-26
T,34.21,2,2015-02-25
T,34.05,1,2015-02-24
T,33.85,0,2015-02-23
T,34.08,4,2015-02-20
T,34.09,3,2015-02-19
T,34.49,2,2015-02-18
T,34.71,1,2015-02-17
T,34.66,4,2015-02-13
T,34.61,3,2015-02-12
T,34.39,2,2015-02-11
T,34.85,1,2015-02-10
T,34.64,0,2015-02-09
T,34.87,4,2015-02-06
T,34.54,3,2015-02-05
T,34.41,2,2015-02-04
T,34.34,1,2015-02-03
T,33.56,0,2015-02-02
T,32.92,4,2015-01-30
T,32.96,3,2015-01-29
T,32.68,2,2015-01-28
T,32.81,1,2015-01-27
T,33.18,0,2015-01-26
T,33.37,4,2015-01-23
T,33.79,3,2015-01-22
T,34.00,2,2015-01-21
T,33.95,1,2015-01-20
T,33.80,4,2015-01-16
T,33.26,3,2015-01-15
T,33.33,2,2015-01-14
T,33.49,1,2015-01-13
T,33.49,0,2015-01-12
T,33.40,4,2015-01-09
T,33.50,3,2015-01-08
T,33.17,2,2015-01-07
T,33.60,1,2015-01-06
T,33.55,0,2015-01-05
T,33.87,4,2015-01-02
T,33.59,2,2014-12-31
T,34.08,1,2014-12-30
T,34.11,0,2014-12-29
T,34.17,4,2014-12-26
T,33.96,2,2014-12-24
T,34.03,1,2014-12-23
T,33.85,0,2014-12-22
T,33.54,4,2014-12-19
T,33.51,3,2014-12-18
T,32.67,2,2014-12-17
T,32.14,1,2014-12-16
T,32.25,0,2014-12-15
T,32.16,4,2014-12-12
T,32.71,3,2014-12-11
T,32.49,2,2014-12-10
T,32.89,1,2014-12-09
T,33.88,0,2014-12-08
T,33.94,4,2014-12-05
T,33.91,3,2014-12-04
T,34.00,2,2014-12-03
T,34.29,1,2014-12-02
T,35.06,0,2014-12-01
T,35.38,4,2014-11-28
T,35.13,2,2014-11-26
T,34.82,1,2014-11-25
T,34.70,0,2014-11-24
T,35.28,4,2014-11-21
T,35.28,3,2014-11-20
T,35.37,2,2014-11-19
T,35.72,1,2014-11-18
T,35.85,0,2014-11-17
T,35.90,4,2014-11-14
T,35.61,3,2014-11-13
T,35.40,2,2014-11-12
T,35.10,1,2014-11-11
T,35.12,0,2014-11-10
T,34.91,4,2014-11-07
T,34.72,3,2014-11-06
T,34.92,2,2014-11-05
T,34.79,1,2014-11-04
T,34.84,0,2014-11-03
T,34.84,4,2014-10-31
T,34.51,3,2014-10-30
T,34.40,2,2014-10-29
T,34.33,1,2014-10-28
T,34.11,0,2014-10-27
T,33.87,4,2014-10-24
T,33.66,3,2014-10-23
T,34.50,2,2014-10-22
T,34.62,1,2014-10-21
T,34.28,0,2014-10-20
T,34.08,4,2014-10-17
T,33.64,3,2014-10-16
T,33.87,2,2014-10-15
T,33.84,1,2014-10-14
T,33.82,0,2014-10-13
T,34.25,4,2014-10-10
T,34.66,3,2014-10-09
T,35.15,2,2014-10-08
T,35.33,1,2014-10-07
T,35.49,0,2014-10-06
T,35.36,4,2014-10-03
T,34.97,3,2014-10-02
T,34.96,2,2014-10-01
T,35.24,1,2014-09-30
T,35.23,0,2014-09-29
T,35.28,4,2014-09-26
T,35.08,3,2014-09-25
T,35.40,2,2014-09-24
T,35.26,1,2014-09-23
T,35.50,0,2014-09-22
T,35.47,4,2014-09-19
T,35.16,3,2014-09-18
T,35.02,2,2014-09-17
T,34.95,1,2014-09-16
T,34.69,0,2014-09-15
T,34.50,4,2014-09-12
T,34.85,3,2014-09-11
T,34.70,2,2014-09-10
T,34.66,1,2014-09-09
T,35.01,0,2014-09-08
T,35.15,4,2014-09-05
T,34.94,3,2014-09-04
T,34.97,2,2014-09-03
T,34.84,1,2014-09-02
T,34.96,4,2014-08-29
T,34.74,3,2014-08-28
T,34.75,2,2014-08-27
T,34.50,1,2014-08-26
T,34.51,0,2014-08-25
T,34.50,4,2014-08-22
T,34.64,3,2014-08-21
T,34.53,2,2014-08-20
T,34.48,1,2014-08-19
T,34.65,0,2014-08-18
T,34.74,4,2014-08-15
T,34.91,3,2014-08-14
T,34.69,2,2014-08-13
T,34.64,1,2014-08-12
T,34.47,0,2014-08-11
T,34.47,4,2014-08-08
T,34.21,3,2014-08-07
T,34.62,2,2014-08-06
T,35.11,1,2014-08-05
T,35.46,0,2014-08-04
T,35.33,4,2014-08-01
T,35.59,3,2014-07-31
T,36.36,2,2014-07-30
T,36.59,1,2014-07-29
T,35.65,0,2014-07-28
T,35.54,4,2014-07-25
T,35.50,3,2014-07-24
T,35.88,2,2014-07-23
T,35.94,1,2014-07-22
T,35.96,0,2014-07-21
T,36.17,4,2014-07-18
T,36.03,3,2014-07-17
T,36.45,2,2014-07-16
T,36.24,1,2014-07-15
T,35.86,0,2014-07-14
T,35.76,4,2014-07-11
T,35.70,3,2014-07-10
T,35.65,2,2014-07-09
T,35.56,1,2014-07-08
T,36.02,0,2014-07-07
T,35.84,3,2014-07-03
T,35.67,2,2014-07-02
T,35.48,1,2014-07-01
T,35.36,0,2014-06-30
T,35.41,4,2014-06-27
T,35.26,3,2014-06-26
T,35.26,2,2014-06-25
T,35.29,1,2014-06-24
T,35.39,0,2014-06-23
T,35.39,4,2014-06-20
T,35.36,3,2014-06-19
T,35.20,2,2014-06-18
T,35.02,1,2014-06-17
T,34.98,0,2014-06-16
T,35.03,4,2014-06-13
T,34.83,3,2014-06-12
T,34.81,2,2014-06-11
T,34.94,1,2014-06-10
T,35.01,0,2014-06-09
T,35.02,4,2014-06-06
T,35.10,3,2014-06-05
T,35.05,2,2014-06-04
T,35.20,1,2014-06-03
T,35.44,0,2014-06-02
T,35.47,4,2014-05-30
T,35.39,3,2014-05-29
T,35.34,2,2014-05-28
T,35.21,1,2014-05-27
T,35.32,4,2014-05-23
T,35.38,3,2014-05-22
T,35.27,2,2014-05-21
T,35.50,1,2014-05-20
T,36.38,0,2014-05-19
T,36.74,4,2014-05-16
T,36.52,3,2014-05-15
T,36.39,2,2014-05-14
T,36.20,1,2014-05-13
T,36.57,0,2014-05-12
T,36.44,4,2014-05-09
T,36.40,3,2014-05-08
T,35.76,2,2014-05-07
T,35.49,1,2014-05-06
T,35.76,0,2014-05-05
T,35.63,4,2014-05-02
T,35.58,3,2014-05-01
T,35.70,2,2014-04-30
T,35.42,1,2014-04-29
T,35.08,0,2014-04-28
T,34.49,4,2014-04-25
T,34.50,3,2014-04-24
T,34.92,2,2014-04-23
T,36.29,1,2014-04-22
T,36.06,0,2014-04-21
T,36.04,3,2014-04-17
T,36.10,2,2014-04-16
T,35.68,1,2014-04-15
T,35.36,0,2014-04-14
T,35.20,4,2014-04-11
T,35.12,3,2014-04-10
T,34.92,2,2014-04-09
T,35.27,1,2014-04-08
T,35.49,0,2014-04-07
T,35.55,4,2014-04-04
T,35.63,3,2014-04-03
T,35.37,2,2014-04-02
T,35.09,1,2014-04-01
T,35.07,0,2014-03-31
T,35.07,4,2014-03-28
T,34.96,3,2014-03-27
T,34.61,2,2014-03-26
T,34.72,1,2014-03-25
T,34.46,0,2014-03-24
T,34.30,4,2014-03-21
T,34.09,3,2014-03-20
T,32.96,2,2014-03-19
T,32.98,1,2014-03-18
T,32.89,0,2014-03-17
T,32.49,4,2014-03-14
T,32.35,3,2014-03-13
T,32.38,2,2014-03-12
T,32.23,1,2014-03-11
T,32.51,0,2014-03-10
T,32.54,4,2014-03-07
T,32.34,3,2014-03-06
T,32.13,2,2014-03-05
T,32.15,1,2014-03-04
T,31.86,0,2014-03-03
T,31.93,4,2014-02-28
T,32.23,3,2014-02-27
T,32.00,2,2014-02-26
T,32.17,1,2014-02-25
T,32.47,0,2014-02-24
T,32.80,4,2014-02-21
T,33.18,3,2014-02-20
T,32.85,2,2014-02-19
T,32.82,1,2014-02-18
T,33.15,4,2014-02-14
T,33.49,3,2014-02-13
T,32.94,2,2014-02-12
T,32.95,1,2014-02-11
T,32.44,0,2014-02-10
T,32.30,4,2014-02-07
T,32.00,3,2014-02-06
T,32.08,2,2014-02-05
T,32.45,1,2014-02-04
T,31.95,0,2014-02-03
T,33.32,4,2014-01-31
T,33.35,3,2014-01-30
T,33.31,2,2014-01-29
T,33.70,1,2014-01-28
T,33.51,0,2014-01-27
T,33.42,4,2014-01-24
T,33.80,3,2014-01-23
T,33.34,2,2014-01-22
T,33.57,1,2014-01-21
T,33.70,4,2014-01-17
T,33.96,3,2014-01-16
T,33.79,2,2014-01-15
T,33.48,1,2014-01-14
T,33.30,0,2014-01-13
T,33.62,4,2014-01-10
T,33.54,3,2014-01-09
T,34.24,2,2014-01-08
T,34.95,1,2014-01-07
T,34.96,0,2014-01-06
T,34.80,4,2014-01-03
T,34.95,3,2014-01-02
T,35.16,1,2013-12-31
T,35.20,0,2013-12-30
T,35.18,4,2013-12-27
T,35.16,3,2013-12-26
T,34.95,1,2013-12-24
T,34.69,0,2013-12-23
T,34.30,4,2013-12-20
T,34.45,3,2013-12-19
T,34.38,2,2013-12-18
T,33.85,1,2013-12-17
T,34.15,0,2013-12-16
T,33.85,4,2013-12-13
T,33.89,3,2013-12-12
T,33.95,2,2013-12-11
T,34.40,1,2013-12-10
T,34.69,0,2013-12-09
T,34.53,4,2013-12-06
T,34.25,3,2013-12-05
T,34.60,2,2013-12-04
T,34.74,1,2013-12-03
T,34.80,0,2013-12-02
T,35.21,4,2013-11-29
T,35.41,2,2013-11-27
T,35.28,1,2013-11-26
T,35.37,0,2013-11-25
T,35.42,4,2013-11-22
T,35.30,3,2013-11-21
T,35.40,2,2013-11-20
T,35.72,1,2013-11-19
T,35.60,0,2013-11-18
T,35.43,4,2013-11-15
T,35.16,3,2013-11-14
T,35.07,2,2013-11-13
T,35.17,1,2013-11-12
T,35.03,0,2013-11-11
T,35.17,4,2013-11-08
T,35.11,3,2013-11-07
T,35.82,2,2013-11-06
T,35.53,1,2013-11-05
T,36.45,0,2013-11-04
T,36.24,4,2013-11-01
T,36.20,3,2013-10-31
T,36.26,2,2013-10-30
T,36.27,1,2013-10-29
T,35.57,0,2013-10-28
T,35.19,4,2013-10-25
T,34.63,3,2013-10-24
T,35.28,2,2013-10-23
T,35.23,1,2013-10-22
T,35.22,0,2013-10-21
T,34.61,4,2013-10-18
T,34.44,3,2013-10-17
T,34.20,2,2013-10-16
T,33.71,1,2013-10-15
T,33.92,0,2013-10-14
T,34.20,4,2013-10-11
T,34.15,3,2013-10-10
T,33.75,2,2013-10-09
T,33.11,1,2013-10-08
T,34.00,0,2013-10-07
T,33.75,4,2013-10-04
T,33.64,3,2013-10-03
T,33.94,2,2013-10-02
T,34.06,1,2013-10-01
T,33.82,0,2013-09-30
T,33.98,4,2013-09-27
T,34.23,3,2013-09-26
T,34.05,2,2013-09-25
T,34.09,1,2013-09-24
T,34.22,0,2013-09-23
T,34.31,4,2013-09-20
T,34.81,3,2013-09-19
T,34.95,2,2013-09-18
T,34.75,1,2013-09-17
T,34.57,0,2013-09-16
T,34.32,4,2013-09-13
T,34.38,3,2013-09-12
T,33.97,2,2013-09-11
T,33.97,1,2013-09-10
T,33.63,0,2013-09-09
T,33.41,4,2013-09-06
T,33.34,3,2013-09-05
T,33.74,2,2013-09-04
T,33.32,1,2013-09-03
T,33.83,4,2013-08-30
T,33.65,3,2013-08-29
T,33.58,2,2013-08-28
T,33.69,1,2013-08-27
T,33.82,0,2013-08-26
T,34.29,4,2013-08-23
T,33.82,3,2013-08-22
T,33.48,2,2013-08-21
T,33.87,1,2013-08-20
T,33.79,0,2013-08-19
T,34.18,4,2013-08-16
T,34.35,3,2013-08-15
T,34.77,2,2013-08-14
T,34.72,1,2013-08-13
T,34.92,0,2013-08-12
T,34.80,4,2013-08-09
T,35.29,3,2013-08-08
T,35.59,2,2013-08-07
T,35.48,1,2013-08-06
T,35.67,0,2013-08-05
T,35.77,4,2013-08-02
T,35.72,3,2013-08-01
T,35.27,2,2013-07-31
T,35.42,1,2013-07-30
T,35.88,0,2013-07-29
T,35.60,4,2013-07-26
T,35.46,3,2013-07-25
T,35.40,2,2013-07-24
T,35.81,1,2013-07-23
T,35.58,0,2013-07-22
T,35.81,4,2013-07-19
T,35.74,3,2013-07-18
T,35.96,2,2013-07-17
T,35.88,1,2013-07-16
T,35.55,0,2013-07-15
T,35.81,4,2013-07-12
T,35.87,3,2013-07-11
T,35.39,2,2013-07-10
T,35.60,1,2013-07-09
T,35.58,0,2013-07-08
T,35.83,4,2013-07-05
T,35.62,2,2013-07-03
T,35.53,1,2013-07-02
T,35.30,0,2013-07-01
T,35.40,4,2013-06-28
T,35.63,3,2013-06-27
T,35.33,2,2013-06-26
T,35.03,1,2013-06-25
T,34.46,0,2013-06-24
T,34.47,4,2013-06-21
T,34.35,3,2013-06-20
T,35.25,2,2013-06-19
T,36.17,1,2013-06-18
T,35.76,0,2013-06-17
T,35.91,4,2013-06-14
T,36.30,3,2013-06-13
T,35.62,2,2013-06-12
T,35.76,1,2013-06-11
T,35.99,0,2013-06-10
T,35.45,4,2013-06-07
T,35.81,3,2013-06-06
T,35.26,2,2013-06-05
T,35.67,1,2013-06-04
T,35.07,0,2013-06-03
T,34.99,4,2013-05-31
T,35.50,3,2013-05-30
T,35.91,2,2013-05-29
T,36.18,1,2013-05-28
T,36.75,4,2013-05-24
T,36.74,3,2013-05-23
T,36.62,2,2013-05-22
T,36.94,1,2013-05-21
T,37.22,0,2013-05-20
T,37.44,4,2013-05-17
T,37.38,3,2013-05-16
T,37.53,2,2013-05-15
T,37.23,1,2013-05-14
T,37.00,0,2013-05-13
T,37.36,4,2013-05-10
T,37.33,3,2013-05-09
T,37.83,2,2013-05-08
T,37.52,1,2013-05-07
T,37.09,0,2013-05-06
T,37.34,4,2013-05-03
T,37.56,3,2013-05-02
T,37.56,2,2013-05-01
T,37.46,1,2013-04-30
T,37.30,0,2013-04-29
T,37.04,4,2013-04-26
T,37.28,3,2013-04-25
T,37.04,2,2013-04-24
T,39.00,1,2013-04-23
T,38.73,0,2013-04-22
T,38.28,4,2013-04-19
T,37.74,3,2013-04-18
T,37.78,2,2013-04-17
T,37.94,1,2013-04-16
T,37.95,0,2013-04-15
T,38.59,4,2013-04-12
T,38.54,3,2013-04-11
T,38.18,2,2013-04-10
T,37.76,1,2013-04-09
T,37.62,0,2013-04-08
T,38.02,4,2013-04-05
T,37.91,3,2013-04-04
T,37.28,2,2013-04-03
T,37.57,1,2013-04-02
T,37.25,0,2013-04-01
T,36.69,3,2013-03-28
T,36.62,2,2013-03-27
T,36.74,1,2013-03-26
T,36.39,0,2013-03-25
T,36.43,4,2013-03-22
T,36.15,3,2013-03-21
T,36.19,2,2013-03-20
T,36.14,1,2013-03-19
T,36.15,0,2013-03-18
T,36.43,4,2013-03-15
T,36.86,3,2013-03-14
T,36.60,2,2013-03-13
T,36.72,1,2013-03-12
T,36.60,0,2013-03-11
T,36.68,4,2013-03-08
T,36.39,3,2013-03-07
T,36.29,2,2013-03-06
T,36.60,1,2013-03-05
T,36.23,0,2013-03-04
T,36.01,4,2013-03-01
T,35.91,3,2013-02-28
T,35.85,2,2013-02-27
T,35.49,1,2013-02-26
T,35.19,0,2013-02-25
T,35.68,4,2013-02-22
T,35.43,3,2013-02-21
T,35.47,2,2013-02-20
T,35.67,1,2013-02-19
T,35.36,4,2013-02-15
T,35.29,3,2013-02-14
T,35.42,2,2013-02-13
T,35.60,1,2013-02-12
T,35.23,0,2013-02-11
T,35.27,4,2013-02-08
T,35.27,3,2013-02-07
T,35.43,2,2013-02-06
T,35.35,1,2013-02-05
T,35.23,0,2013-02-04
T,35.51,4,2013-02-01
T,34.79,3,2013-01-31
T,34.48,2,2013-01-30
T,34.68,1,2013-01-29
T,34.13,0,2013-01-28
T,34.02,4,2013-01-25
T,33.75,3,2013-01-24
T,33.78,2,2013-01-23
T,33.61,1,2013-01-22
T,33.44,4,2013-01-18
T,33.20,3,2013-01-17
T,33.26,2,2013-01-16
T,33.76,1,2013-01-15
T,34.02,0,2013-01-14
T,34.27,4,2013-01-11
T,34.37,3,2013-01-10
T,34.24,2,2013-01-09
T,34.35,1,2013-01-08
T,35.39,0,2013-01-07
T,35.23,4,2013-01-04
T,35.02,3,2013-01-03
T,35.00,2,2013-01-02
T,33.71,0,2012-12-31
T,33.32,4,2012-12-28
T,33.66,3,2012-12-27
T,33.78,2,2012-12-26
T,33.74,0,2012-12-24
T,33.67,4,2012-12-21
T,34.17,3,2012-12-20
T,33.91,2,2012-12-19
T,34.34,1,2012-12-18
T,34.23,0,2012-12-17
T,34.01,4,2012-12-14
T,34.32,3,2012-12-13
T,34.49,2,2012-12-12
T,34.15,1,2012-12-11
T,33.73,0,2012-12-10
T,33.74,4,2012-12-07
T,33.65,3,2012-12-06
T,33.91,2,2012-12-05
T,33.92,1,2012-12-04
T,34.14,0,2012-12-03
T,34.13,4,2012-11-30
T,33.93,3,2012-11-29
T,33.62,2,2012-11-28
T,33.62,1,2012-11-27
T,33.97,0,2012-11-26
T,34.36,4,2012-11-23
T,33.85,2,2012-11-21
T,33.68,1,2012-11-20
T,33.82,0,2012-11-19
T,33.14,4,2012-11-16
T,33.42,3,2012-11-15
T,33.78,2,2012-11-14
T,33.95,1,2012-11-13
T,33.87,0,2012-11-12
T,33.54,4,2012-11-09
T,33.20,3,2012-11-08
T,33.64,2,2012-11-07
T,34.80,1,2012-11-06
T,34.83,0,2012-11-05
T,34.93,4,2012-11-02
T,35.09,3,2012-11-01
T,34.59,2,2012-10-31
T,34.63,4,2012-10-26
T,34.50,3,2012-10-25
T,34.71,2,2012-10-24
T,35.00,1,2012-10-23
T,35.26,0,2012-10-22
T,35.32,4,2012-10-19
T,36.02,3,2012-10-18
T,35.72,2,2012-10-17
T,35.40,1,2012-10-16
T,35.21,0,2012-10-15
T,35.63,4,2012-10-12
T,36.26,3,2012-10-11
T,36.92,2,2012-10-10
T,37.14,1,2012-10-09
T,37.66,0,2012-10-08
T,37.86,4,2012-10-05
T,38.34,3,2012-10-04
T,38.17,2,2012-10-03
T,37.81,1,2012-10-02
T,37.75,0,2012-10-01
T,37.70,4,2012-09-28
T,37.99,3,2012-09-27
T,38.08,2,2012-09-26
T,38.06,1,2012-09-25
T,38.25,0,2012-09-24
T,38.08,4,2012-09-21
T,37.94,3,2012-09-20
T,37.76,2,2012-09-19
T,37.66,1,2012-09-18
T,37.60,0,2012-09-17
T,37.26,4,2012-09-14
T,38.15,3,2012-09-13
T,37.72,2,2012-09-12
T,37.62,1,2012-09-11
T,37.42,0,2012-09-10
T,37.30,4,2012-09-07
T,37.44,3,2012-09-06
T,36.93,2,2012-09-05
T,36.81,1,2012-09-04
T,36.64,4,2012-08-31
T,36.69,3,2012-08-30
T,36.82,2,2012-08-29
T,36.64,1,2012-08-28
T,36.87,0,2012-08-27
T,36.95,4,2012-08-24
T,36.56,3,2012-08-23
T,36.56,2,2012-08-22
T,36.59,1,2012-08-21
T,36.89,0,2012-08-20
T,37.17,4,2012-08-17
T,37.24,3,2012-08-16
T,37.10,2,2012-08-15
T,37.25,1,2012-08-14
T,37.39,0,2012-08-13
T,37.49,4,2012-08-10
T,37.23,3,2012-08-09
T,37.43,2,2012-08-08
T,37.44,1,2012-08-07
T,37.61,0,2012-08-06
T,37.58,4,2012-08-03
T,37.54,3,2012-08-02
T,37.64,2,2012-08-01
T,37.92,1,2012-07-31
T,37.43,0,2012-07-30
T,37.14,4,2012-07-27
T,36.30,3,2012-07-26
T,35.33,2,2012-07-25
T,34.63,1,2012-07-24
T,35.38,0,2012-07-23
T,35.29,4,2012-07-20
T,35.48,3,2012-07-19
T,36.19,2,2012-07-18
T,35.82,1,2012-07-17
T,35.42,0,2012-07-16
T,35.35,4,2012-07-13
T,34.87,3,2012-07-12
T,35.26,2,2012-07-11
T,35.44,1,2012-07-10
T,35.54,0,2012-07-09
T,35.44,4,2012-07-06
T,35.77,3,2012-07-05
T,36.00,1,2012-07-03
T,36.20,0,2012-07-02
T,35.66,4,2012-06-29
T,35.39,3,2012-06-28
T,35.19,2,2012-06-27
T,34.98,1,2012-06-26
T,34.95,0,2012-06-25
T,35.17,4,2012-06-22
T,35.03,3,2012-06-21
T,35.41,2,2012-06-20
T,35.47,1,2012-06-19
T,35.63,0,2012-06-18
T,35.71,4,2012-06-15
T,35.69,3,2012-06-14
T,34.98,2,2012-06-13
T,34.98,1,2012-06-12
T,34.59,0,2012-06-11
T,34.55,4,2012-06-08
T,34.16,3,2012-06-07
T,34.56,2,2012-06-06
T,34.06,1,2012-06-05
T,34.15,0,2012-06-04
T,33.90,4,2012-06-01
T,34.17,3,2012-05-31
T,33.84,2,2012-05-30
T,33.94,1,2012-05-29
T,33.69,4,2012-05-25
T,33.64,3,2012-05-24
T,33.36,2,2012-05-23
T,33.54,1,2012-05-22
T,33.63,0,2012-05-21
T,33.66,4,2012-05-18
T,33.29,3,2012-05-17
T,33.19,2,2012-05-16
T,33.35,1,2012-05-15
T,33.53,0,2012-05-14
T,33.59,4,2012-05-11
T,33.13,3,2012-05-10
T,32.81,2,2012-05-09
T,33.04,1,2012-05-08
T,33.00,0,2012-05-07
T,32.86,4,2012-05-04
T,33.11,3,2012-05-03
T,33.04,2,2012-05-02
T,33.06,1,2012-05-01
T,32.91,0,2012-04-30
T,32.67,4,2012-04-27
T,32.44,3,2012-04-26
T,31.74,2,2012-04-25
T,31.72,1,2012-04-24
T,30.61,0,2012-04-23
T,30.86,4,2012-04-20
T,30.74,3,2012-04-19
T,30.75,2,2012-04-18
T,30.89,1,2012-04-17
T,30.61,0,2012-04-16
T,30.54,4,2012-04-13
T,30.84,3,2012-04-12
T,30.45,2,2012-04-11
T,30.13,1,2012-04-10
T,30.64,0,2012-04-09
T,30.94,3,2012-04-05
T,31.57,2,2012-04-04
T,31.43,1,2012-04-03
T,31.45,0,2012-04-02
T,31.23,4,2012-03-30
T,31.21,3,2012-03-29
T,31.36,2,2012-03-28
T,31.64,1,2012-03-27
T,31.79,0,2012-03-26
T,31.52,4,2012-03-23
T,31.71,3,2012-03-22
T,31.84,2,2012-03-21
T,31.79,1,2012-03-20
T,31.65,0,2012-03-19
T,31.59,4,2012-03-16
T,31.64,3,2012-03-15
T,31.45,2,2012-03-14
T,31.63,1,2012-03-13
T,31.44,0,2012-03-12
T,31.18,4,2012-03-09
T,31.00,3,2012-03-08
T,30.88,2,2012-03-07
T,30.73,1,2012-03-06
T,30.99,0,2012-03-05
T,30.87,4,2012-03-02
T,30.63,3,2012-03-01
T,30.59,2,2012-02-29
T,30.53,1,2012-02-28
T,30.36,0,2012-02-27
T,30.34,4,2012-02-24
T,30.46,3,2012-02-23
T,30.28,2,2012-02-22
T,30.34,1,2012-02-21
T,30.01,4,2012-02-17
T,30.02,3,2012-02-16
T,29.87,2,2012-02-15
T,30.07,1,2012-02-14
T,30.04,0,2012-02-13
T,29.84,4,2012-02-10
T,29.99,3,2012-02-09
T,30.02,2,2012-02-08
T,30.04,1,2012-02-07
T,29.97,0,2012-02-06
T,29.95,4,2012-02-03
T,29.79,3,2012-02-02
T,29.60,2,2012-02-01
T,29.41,1,2012-01-31
T,29.34,0,2012-01-30
T,29.16,4,2012-01-27
T,29.45,3,2012-01-26
T,30.21,2,2012-01-25
T,30.09,1,2012-01-24
T,30.40,0,2012-01-23
T,30.51,4,2012-01-20
T,30.42,3,2012-01-19
T,30.33,2,2012-01-18
T,30.25,1,2012-01-17
T,30.07,4,2012-01-13
T,30.12,3,2012-01-12
T,29.99,2,2012-01-11
T,29.76,1,2012-01-10
T,29.66,0,2012-01-09
T,29.68,4,2012-01-06
T,30.40,3,2012-01-05
T,30.43,2,2012-01-04
T,30.38,1,2012-01-03
T,30.24,4,2011-12-30
T,30.17,3,2011-12-29
T,29.95,2,2011-12-28
T,30.04,1,2011-12-27
T,29.87,4,2011-12-23
T,29.66,3,2011-12-22
T,29.30,2,2011-12-21
T,29.12,1,2011-12-20
T,28.74,0,2011-12-19
T,28.85,4,2011-12-16
T,28.79,3,2011-12-15
T,28.81,2,2011-12-14
T,29.04,1,2011-12-13
T,29.01,0,2011-12-12
T,29.03,4,2011-12-09
T,28.86,3,2011-12-08
T,29.40,2,2011-12-07
T,29.17,1,2011-12-06
T,29.15,0,2011-12-05
T,28.96,4,2011-12-02
T,28.84,3,2011-12-01
T,28.98,2,2011-11-30
T,28.06,1,2011-11-29
T,27.95,0,2011-11-28
T,27.41,4,2011-11-25
T,27.55,2,2011-11-23
T,28.08,1,2011-11-22
T,28.36,0,2011-11-21
T,28.64,4,2011-11-18
T,28.61,3,2011-11-17
T,28.78,2,2011-11-16
T,29.25,1,2011-11-15
T,29.19,0,2011-11-14
T,29.42,4,2011-11-11
T,29.16,3,2011-11-10
T,28.91,2,2011-11-09
T,29.46,1,2011-11-08
T,29.44,0,2011-11-07
T,29.16,4,2011-11-04
T,29.44,3,2011-11-03
T,29.08,2,2011-11-02
T,28.70,1,2011-11-01
T,29.31,0,2011-10-31
T,29.74,4,2011-10-28
T,29.47,3,2011-10-27
T,28.75,2,2011-10-26
T,28.41,1,2011-10-25
T,28.88,0,2011-10-24
T,29.13,4,2011-10-21
T,28.99,3,2011-10-20
T,29.09,2,2011-10-19
T,29.21,1,2011-10-18
T,29.02,0,2011-10-17
T,29.17,4,2011-10-14
T,29.10,3,2011-10-13
T,28.99,2,2011-10-12
T,28.77,1,2011-10-11
T,29.17,0,2011-10-10
T,28.44,4,2011-10-07
T,28.41,3,2011-10-06
T,28.31,2,2011-10-05
T,28.31,1,2011-10-04
T,28.16,0,2011-10-03
T,28.52,4,2011-09-30
T,28.84,3,2011-09-29
T,28.55,2,2011-09-28
T,28.67,1,2011-09-27
T,28.34,0,2011-09-26
T,27.85,4,2011-09-23
T,27.75,3,2011-09-22
T,28.30,2,2011-09-21
T,28.85,1,2011-09-20
T,28.58,0,2011-09-19
T,28.94,4,2011-09-16
T,28.54,3,2011-09-15
T,28.26,2,2011-09-14
T,28.12,1,2011-09-13
T,27.88,0,2011-09-12
T,27.54,4,2011-09-09
T,27.96,3,2011-09-08
T,28.13,2,2011-09-07
T,27.83,1,2011-09-06
T,28.05,4,2011-09-02
T,28.27,3,2011-09-01
T,28.48,2,2011-08-31
T,29.62,1,2011-08-30
T,29.26,0,2011-08-29
T,29.04,4,2011-08-26
T,29.06,3,2011-08-25
T,29.43,2,2011-08-24
T,28.98,1,2011-08-23
T,28.45,0,2011-08-22
T,27.99,4,2011-08-19
T,28.46,3,2011-08-18
T,29.17,2,2011-08-17
T,28.79,1,2011-08-16
T,28.81,0,2011-08-15
T,28.22,4,2011-08-12
T,28.44,3,2011-08-11
T,27.88,2,2011-08-10
T,28.85,1,2011-08-09
T,27.70,0,2011-08-08
T,28.93,4,2011-08-05
T,28.78,3,2011-08-04
T,29.50,2,2011-08-03
T,29.18,1,2011-08-02
T,29.52,0,2011-08-01
T,29.26,4,2011-07-29
T,29.26,3,2011-07-28
T,29.96,2,2011-07-27
T,29.94,1,2011-07-26
T,29.91,0,2011-07-25
T,30.32,4,2011-07-22
T,30.28,3,2011-07-21
T,30.23,2,2011-07-20
T,30.33,1,2011-07-19
T,30.12,0,2011-07-18
T,30.31,4,2011-07-15
T,30.58,3,2011-07-14
T,30.82,2,2011-07-13
T,30.77,1,2011-07-12
T,30.80,0,2011-07-11
T,31.14,4,2011-07-08
T,31.23,3,2011-07-07
T,31.23,2,2011-07-06
T,31.63,1,2011-07-05
T,31.68,4,2011-07-01
T,31.41,3,2011-06-30
T,31.26,2,2011-06-29
T,31.02,1,2011-06-28
T,30.76,0,2011-06-27
T,30.44,4,2011-06-24
T,30.72,3,2011-06-23
T,30.88,2,2011-06-22
T,31.11,1,2011-06-21
T,30.96,0,2011-06-20
T,30.77,4,2011-06-17
T,30.43,3,2011-06-16
T,30.35,2,2011-06-15
T,30.79,1,2011-06-14
T,30.55,0,2011-06-13
T,30.34,4,2011-06-10
T,30.33,3,2011-06-09
T,30.34,2,2011-06-08
T,30.31,1,2011-06-07
T,30.36,0,2011-06-06
T,30.65,4,2011-06-03
T,30.97,3,2011-06-02
T,31.17,2,2011-06-01
T,31.56,1,2011-05-31
T,31.29,4,2011-05-27
T,31.11,3,2011-05-26
T,31.00,2,2011-05-25
T,31.16,1,2011-05-24
T,31.08,0,2011-05-23
T,31.32,4,2011-05-20
T,31.40,3,2011-05-19
T,31.20,2,2011-05-18
T,31.12,1,2011-05-17
T,31.06,0,2011-05-16
T,31.41,4,2011-05-13
T,31.64,3,2011-05-12
T,31.38,2,2011-05-11
T,31.69,1,2011-05-10
T,31.35,0,2011-05-09
T,31.26,4,2011-05-06
T,31.22,3,2011-05-05
T,31.79,2,2011-05-04
T,31.86,1,2011-05-03
T,31.21,0,2011-05-02
T,31.12,4,2011-04-29
T,31.37,3,2011-04-28
T,31.42,2,2011-04-27
T,30.94,1,2011-04-26
T,30.55,0,2011-04-25
T,30.68,3,2011-04-21
T,30.13,2,2011-04-20
T,30.31,1,2011-04-19
T,30.31,0,2011-04-18
T,30.65,4,2011-04-15
T,30.29,3,2011-04-14
T,30.18,2,2011-04-13
T,30.47,1,2011-04-12
T,30.66,0,2011-04-11
T,30.71,4,2011-04-08
T,30.54,3,2011-04-07
T,30.47,2,2011-04-06
T,30.70,1,2011-04-05
T,30.77,0,2011-04-04
T,30.62,4,2011-04-01
T,30.61,3,2011-03-31
T,30.71,2,2011-03-30
T,30.05,1,2011-03-29
T,29.36,0,2011-03-28
T,28.85,4,2011-03-25
T,28.54,3,2011-03-24
T,28.14,2,2011-03-23
T,28.10,1,2011-03-22
T,28.26,0,2011-03-21
T,27.94,4,2011-03-18
T,27.74,3,2011-03-17
T,27.33,2,2011-03-16
T,27.81,1,2011-03-15
T,28.19,0,2011-03-14
T,28.46,4,2011-03-11
T,28.61,3,2011-03-10
T,28.79,2,2011-03-09
T,28.45,1,2011-03-08
T,27.90,0,2011-03-07
T,27.92,4,2011-03-04
T,28.13,3,2011-03-03
T,28.17,2,2011-03-02
T,28.08,1,2011-03-01
T,28.38,0,2011-02-28
T,28.13,4,2011-02-25
T,27.92,3,2011-02-24
T,28.03,2,2011-02-23
T,28.20,1,2011-02-22
T,28.57,4,2011-02-18
T,28.50,3,2011-02-17
T,28.30,2,2011-02-16
T,28.24,1,2011-02-15
T,28.46,0,2011-02-14
T,28.47,4,2011-02-11
T,28.24,3,2011-02-10
T,27.97,2,2011-02-09
T,27.91,1,2011-02-08
T,27.96,0,2011-02-07
T,27.97,4,2011-02-04
T,27.99,3,2011-02-03
T,27.67,2,2011-02-02
T,27.87,1,2011-02-01
T,27.52,0,2011-01-31
T,27.49,4,2011-01-28
T,28.13,3,2011-01-27
T,28.73,2,2011-01-26
T,28.76,1,2011-01-25
T,28.48,0,2011-01-24
T,28.33,4,2011-01-21
T,28.23,3,2011-01-20
T,28.33,2,2011-01-19
T,28.33,1,2011-01-18
T,28.43,4,2011-01-14
T,28.08,3,2011-01-13
T,28.04,2,2011-01-12
T,27.91,1,2011-01-11
T,28.34,0,2011-01-10
T,28.85,4,2011-01-07
T,29.15,3,2011-01-06
T,29.98,2,2011-01-05
T,29.88,1,2011-01-04
T,29.67,0,2011-01-03
T,29.38,4,2010-12-31
T,29.33,3,2010-12-30
T,29.31,2,2010-12-29
T,29.23,1,2010-12-28
T,29.25,0,2010-12-27
T,29.20,3,2010-12-23
T,29.13,2,2010-12-22
T,29.07,1,2010-12-21
T,29.13,0,2010-12-20
T,29.21,4,2010-12-17
T,29.23,3,2010-12-16
T,29.13,2,2010-12-15
T,29.34,1,2010-12-14
T,28.78,0,2010-12-13
T,28.89,4,2010-12-10
T,28.82,3,2010-12-09
T,28.63,2,2010-12-08
T,28.54,1,2010-12-07
T,28.30,0,2010-12-06
T,28.49,4,2010-12-03
T,28.55,3,2010-12-02
T,28.28,2,2010-12-01
T,27.79,1,2010-11-30
T,27.70,0,2010-11-29
T,27.93,4,2010-11-26
T,28.14,2,2010-11-24
T,28.03,1,2010-11-23
T,28.29,0,2010-11-22
T,28.32,4,2010-11-19
T,28.44,3,2010-11-18
T,27.96,2,2010-11-17
T,28.24,1,2010-11-16
T,28.63,0,2010-11-15
T,28.46,4,2010-11-12
T,28.83,3,2010-11-11
T,29.05,2,2010-11-10
T,29.18,1,2010-11-09
T,29.18,0,2010-11-08
T,29.27,4,2010-11-05
T,29.44,3,2010-11-04
T,29.06,2,2010-11-03
T,28.94,1,2010-11-02
T,28.72,0,2010-11-01
T,28.52,4,2010-10-29
T,28.50,3,2010-10-28
T,28.35,2,2010-10-27
T,28.31,1,2010-10-26
T,28.36,0,2010-10-25
T,28.29,4,2010-10-22
T,28.34,3,2010-10-21
T,28.61,2,2010-10-20
T,28.21,1,2010-10-19
T,28.62,0,2010-10-18
T,28.33,4,2010-10-15
T,28.50,3,2010-10-14
T,28.47,2,2010-10-13
T,28.39,1,2010-10-12
T,28.32,0,2010-10-11
T,28.22,4,2010-10-08
T,28.25,3,2010-10-07
T,28.62,2,2010-10-06
T,29.36,1,2010-10-05
T,28.86,0,2010-10-04
T,28.81,4,2010-10-01
T,28.60,3,2010-09-30
T,28.71,2,2010-09-29
T,28.92,1,2010-09-28
T,28.87,0,2010-09-27
T,28.58,4,2010-09-24
T,28.51,3,2010-09-23
T,28.59,2,2010-09-22
T,28.61,1,2010-09-21
T,28.54,0,2010-09-20
T,28.17,4,2010-09-17
T,28.11,3,2010-09-16
T,28.01,2,2010-09-15
T,27.93,1,2010-09-14
T,27.93,0,2010-09-13
T,27.83,4,2010-09-10
T,27.81,3,2010-09-09
T,27.39,2,2010-09-08
T,27.27,1,2010-09-07
T,27.44,4,2010-09-03
T,27.40,3,2010-09-02
T,27.35,2,2010-09-01
T,27.03,1,2010-08-31
T,26.63,0,2010-08-30
T,26.94,4,2010-08-27
T,26.70,3,2010-08-26
T,26.89,2,2010-08-25
T,26.72,1,2010-08-24
T,26.49,0,2010-08-23
T,26.45,4,2010-08-20
T,26.97,3,2010-08-19
T,27.28,2,2010-08-18
T,26.97,1,2010-08-17
T,26.65,0,2010-08-16
T,26.72,4,2010-08-13
T,26.66,3,2010-08-12
T,26.55,2,2010-08-11
T,27.01,1,2010-08-10
T,26.86,0,2010-08-09
T,26.54,4,2010-08-06
T,26.74,3,2010-08-05
T,26.64,2,2010-08-04
T,26.69,1,2010-08-03
T,26.59,0,2010-08-02
T,25.94,4,2010-07-30
T,26.02,3,2010-07-29
T,26.20,2,2010-07-28
T,26.15,1,2010-07-27
T,25.96,0,2010-07-26
T,25.54,4,2010-07-23
T,25.51,3,2010-07-22
T,24.92,2,2010-07-21
T,24.79,1,2010-07-20
T,24.88,0,2010-07-19
T,24.69,4,2010-07-16
T,25.00,3,2010-07-15
T,24.96,2,2010-07-14
T,24.95,1,2010-07-13
T,24.84,0,2010-07-12
T,24.83,4,2010-07-09
T,24.57,3,2010-07-08
T,24.33,2,2010-07-07
T,24.41,1,2010-07-06
T,24.29,4,2010-07-02
T,24.34,3,2010-07-01
T,24.19,2,2010-06-30
T,24.46,1,2010-06-29
T,24.95,0,2010-06-28
T,24.79,4,2010-06-25
T,25.05,3,2010-06-24
T,25.44,2,2010-06-23
T,25.36,1,2010-06-22
T,25.44,0,2010-06-21
T,25.43,4,2010-06-18
T,25.57,3,2010-06-17
T,25.52,2,2010-06-16
T,25.54,1,2010-06-15
T,25.17,0,2010-06-14
T,25.29,4,2010-06-11
T,25.44,3,2010-06-10
T,24.90,2,2010-06-09
T,24.97,1,2010-06-08
T,24.32,0,2010-06-07
T,24.17,4,2010-06-04
T,24.80,3,2010-06-03
T,24.78,2,2010-06-02
T,24.33,1,2010-06-01
T,24.30,4,2010-05-28
T,24.63,3,2010-05-27
T,24.13,2,2010-05-26
T,24.32,1,2010-05-25
T,24.43,0,2010-05-24
T,24.85,4,2010-05-21
T,24.96,3,2010-05-20
T,25.57,2,2010-05-19
T,25.59,1,2010-05-18
T,25.77,0,2010-05-17
T,25.40,4,2010-05-14
T,25.74,3,2010-05-13
T,25.82,2,2010-05-12
T,25.64,1,2010-05-11
T,25.67,0,2010-05-10
T,25.10,4,2010-05-07
T,25.14,3,2010-05-06
T,25.77,2,2010-05-05
T,25.90,1,2010-05-04
T,26.28,0,2010-05-03
T,26.06,4,2010-04-30
T,26.14,3,2010-04-29
T,25.91,2,2010-04-28
T,25.95,1,2010-04-27
T,26.27,0,2010-04-26
T,26.25,4,2010-04-23
T,26.27,3,2010-04-22
T,26.34,2,2010-04-21
T,26.66,1,2010-04-20
T,26.38,0,2010-04-19
T,25.93,4,2010-04-16
T,26.24,3,2010-04-15
T,26.24,2,2010-04-14
T,26.20,1,2010-04-13
T,26.38,0,2010-04-12
T,26.44,4,2010-04-09
T,26.02,3,2010-04-08
T,25.65,2,2010-04-07
T,26.31,1,2010-04-06
T,26.31,0,2010-04-05
T,26.11,3,2010-04-01
T,25.84,2,2010-03-31
T,25.95,1,2010-03-30
T,26.51,0,2010-03-29
T,26.24,4,2010-03-26
T,26.15,3,2010-03-25
T,26.26,2,2010-03-24
T,26.55,1,2010-03-23
T,26.40,0,2010-03-22
T,26.24,4,2010-03-19
T,26.06,3,2010-03-18
T,25.90,2,2010-03-17
T,25.85,1,2010-03-16
T,25.78,0,2010-03-15
T,25.62,4,2010-03-12
T,25.60,3,2010-03-11
T,25.52,2,2010-03-10
T,25.56,1,2010-03-09
T,25.28,0,2010-03-08
T,24.99,4,2010-03-05
T,24.96,3,2010-03-04
T,24.89,2,2010-03-03
T,24.88,1,2010-03-02
T,25.00,0,2010-03-01
T,24.81,4,2010-02-26
T,24.77,3,2010-02-25
T,24.91,2,2010-02-24
T,24.83,1,2010-02-23
T,25.02,0,2010-02-22
T,25.10,4,2010-02-19
T,25.24,3,2010-02-18
T,25.40,2,2010-02-17
T,25.32,1,2010-02-16
T,25.07,4,2010-02-12
T,25.19,3,2010-02-11
T,25.12,2,2010-02-10
T,25.26,1,2010-02-09
T,24.98,0,2010-02-08
T,25.24,4,2010-02-05
T,25.03,3,2010-02-04
T,25.58,2,2010-02-03
T,25.69,1,2010-02-02
T,25.38,0,2010-02-01
T,25.36,4,2010-01-29
T,25.54,3,2010-01-28
T,25.62,2,2010-01-27
T,25.33,1,2010-01-26
T,25.58,0,2010-01-25
T,25.39,4,2010-01-22
T,25.67,3,2010-01-21
T,25.83,2,2010-01-20
T,26.20,1,2010-01-19
T,25.79,4,2010-01-15
T,26.19,3,2010-01-14
T,26.64,2,2010-01-13
T,26.96,1,2010-01-12
T,26.97,0,2010-01-11
T,27.10,4,2010-01-08
T,27.30,3,2010-01-07
T,27.61,2,2010-01-06
T,28.44,1,2010-01-05
T,28.58,0,2010-01-04
T,28.03,3,2009-12-31
T,28.32,2,2009-12-30
T,28.34,1,2009-12-29
T,28.33,0,2009-12-28
T,28.10,3,2009-12-24
T,28.04,2,2009-12-23
T,27.90,1,2009-12-22
T,27.54,0,2009-12-21
T,27.32,4,2009-12-18
T,27.22,3,2009-12-17
T,27.52,2,2009-12-16
T,27.60,1,2009-12-15
T,28.05,0,2009-12-14
T,28.01,4,2009-12-11
T,27.76,3,2009-12-10
T,27.56,2,2009-12-09
T,27.61,1,2009-12-08
T,27.97,0,2009-12-07
T,27.60,4,2009-12-04
T,27.52,3,2009-12-03
T,27.35,2,2009-12-02
T,27.18,1,2009-12-01
T,26.94,0,2009-11-30
T,26.99,4,2009-11-27
T,27.08,2,2009-11-25
T,27.10,1,2009-11-24
T,26.78,0,2009-11-23
T,26.02,4,2009-11-20
T,26.11,3,2009-11-19
T,26.31,2,2009-11-18
T,26.28,1,2009-11-17
T,26.29,0,2009-11-16
T,26.25,4,2009-11-13
T,26.29,3,2009-11-12
T,26.44,2,2009-11-11
T,26.36,1,2009-11-10
T,26.34,0,2009-11-09
T,25.93,4,2009-11-06
T,25.94,3,2009-11-05
T,25.53,2,2009-11-04
T,25.36,1,2009-11-03
T,25.59,0,2009-11-02
T,25.67,4,2009-10-30
T,26.23,3,2009-10-29
T,26.08,2,2009-10-28
T,25.60,1,2009-10-27
T,25.31,0,2009-10-26
T,25.73,4,2009-10-23
T,26.10,3,2009-10-22
T,25.94,2,2009-10-21
T,25.99,1,2009-10-20
T,26.00,0,2009-10-19
T,25.70,4,2009-10-16
T,25.91,3,2009-10-15
T,25.83,2,2009-10-14
T,25.90,1,2009-10-13
T,25.60,0,2009-10-12
T,25.66,4,2009-10-09
T,25.94,3,2009-10-08
T,26.18,2,2009-10-07
T,27.15,1,2009-10-06
T,26.76,0,2009-10-05
T,26.52,4,2009-10-02
T,26.61,3,2009-10-01
T,27.01,2,2009-09-30
T,27.20,1,2009-09-29
T,27.43,0,2009-09-28
T,26.96,4,2009-09-25
T,27.03,3,2009-09-24
T,27.13,2,2009-09-23
T,26.50,1,2009-09-22
T,26.87,0,2009-09-21
T,27.05,4,2009-09-18
T,26.37,3,2009-09-17
T,26.54,2,2009-09-16
T,26.70,1,2009-09-15
T,26.53,0,2009-09-14
T,26.66,4,2009-09-11
T,26.56,3,2009-09-10
T,25.94,2,2009-09-09
T,25.75,1,2009-09-08
T,25.51,4,2009-09-04
T,25.15,3,2009-09-03
T,25.37,2,2009-09-02
T,25.36,1,2009-09-01
T,26.05,0,2009-08-31
T,26.21,4,2009-08-28
T,26.42,3,2009-08-27
T,26.51,2,2009-08-26
T,26.30,1,2009-08-25
T,26.14,0,2009-08-24
T,26.00,4,2009-08-21
T,25.54,3,2009-08-20
T,25.38,2,2009-08-19
T,25.10,1,2009-08-18
T,25.02,0,2009-08-17
T,25.45,4,2009-08-14
T,25.48,3,2009-08-13
T,25.65,2,2009-08-12
T,25.36,1,2009-08-11
T,25.58,0,2009-08-10
T,25.62,4,2009-08-07
T,25.55,3,2009-08-06
T,25.73,2,2009-08-05
T,26.27,1,2009-08-04
T,26.23,0,2009-08-03
T,26.23,4,2009-07-31
T,26.34,3,2009-07-30
T,25.95,2,2009-07-29
T,25.52,1,2009-07-28
T,25.73,0,2009-07-27
T,25.45,4,2009-07-24
T,25.48,3,2009-07-23
T,24.84,2,2009-07-22
T,24.57,1,2009-07-21
T,24.42,0,2009-07-20
T,23.98,4,2009-07-17
T,23.71,3,2009-07-16
T,23.97,2,2009-07-15
T,23.45,1,2009-07-14
T,23.77,0,2009-07-13
T,23.44,4,2009-07-10
T,23.38,3,2009-07-09
T,23.54,2,2009-07-08
T,24.33,1,2009-07-07
T,24.80,0,2009-07-06
T,24.59,3,2009-07-02
T,25.07,2,2009-07-01
T,24.84,1,2009-06-30
T,25.22,0,2009-06-29
T,24.82,4,2009-06-26
T,24.85,3,2009-06-25
T,24.65,2,2009-06-24
T,24.66,1,2009-06-23
T,24.15,0,2009-06-22
T,24.04,4,2009-06-19
T,24.13,3,2009-06-18
T,24.14,2,2009-06-17
T,24.22,1,2009-06-16
T,24.63,0,2009-06-15
T,25.01,4,2009-06-12
T,24.79,3,2009-06-11
T,24.28,2,2009-06-10
T,24.21,1,2009-06-09
T,24.40,0,2009-06-08
T,24.56,4,2009-06-05
T,24.36,3,2009-06-04
T,24.46,2,2009-06-03
T,24.84,1,2009-06-02
T,24.64,0,2009-06-01
T,24.79,4,2009-05-29
T,24.63,3,2009-05-28
T,24.07,2,2009-05-27
T,24.51,1,2009-05-26
T,23.68,4,2009-05-22
T,23.67,3,2009-05-21
T,24.13,2,2009-05-20
T,24.67,1,2009-05-19
T,24.59,0,2009-05-18
T,24.88,4,2009-05-15
T,24.98,3,2009-05-14
T,25.24,2,2009-05-13
T,25.73,1,2009-05-12
T,25.36,0,2009-05-11
T,25.25,4,2009-05-08
T,25.45,3,2009-05-07
T,26.69,2,2009-05-06
T,26.50,1,2009-05-05
T,26.69,0,2009-05-04
T,26.01,4,2009-05-01
T,25.62,3,2009-04-30
T,25.52,2,2009-04-29
T,25.65,1,2009-04-28
T,25.31,0,2009-04-27
T,25.16,4,2009-04-24
T,25.50,3,2009-04-23
T,25.74,2,2009-04-22
T,25.28,1,2009-04-21
T,25.29,0,2009-04-20
T,25.95,4,2009-04-17
T,25.99,3,2009-04-16
T,25.45,2,2009-04-15
T,25.28,1,2009-04-14
T,26.02,0,2009-04-13
T,26.10,3,2009-04-09
T,25.39,2,2009-04-08
T,25.53,1,2009-04-07
T,26.59,0,2009-04-06
T,26.83,4,2009-04-03
T,26.54,3,2009-04-02
T,25.92,2,2009-04-01
T,25.20,1,2009-03-31
T,25.16,0,2009-03-30
T,26.00,4,2009-03-27
T,26.35,3,2009-03-26
T,26.18,2,2009-03-25
T,26.33,1,2009-03-24
T,26.92,0,2009-03-23
T,25.33,4,2009-03-20
T,25.60,3,2009-03-19
T,25.70,2,2009-03-18
T,25.37,1,2009-03-17
T,24.36,0,2009-03-16
T,24.27,4,2009-03-13
T,24.35,3,2009-03-12
T,23.35,2,2009-03-11
T,23.02,1,2009-03-10
T,21.72,0,2009-03-09
T,22.58,4,2009-03-06
T,22.56,3,2009-03-05
T,23.00,2,2009-03-04
T,22.67,1,2009-03-03
T,23.04,0,2009-03-02
T,23.77,4,2009-02-27
T,24.09,3,2009-02-26
T,23.71,2,2009-02-25
T,23.25,1,2009-02-24
T,22.68,0,2009-02-23
T,23.58,4,2009-02-20
T,23.19,3,2009-02-19
T,22.96,2,2009-02-18
T,23.22,1,2009-02-17
T,24.19,4,2009-02-13
T,24.29,3,2009-02-12
T,24.44,2,2009-02-11
T,24.56,1,2009-02-10
T,25.89,0,2009-02-09
T,26.08,4,2009-02-06
T,25.15,3,2009-02-05
T,24.66,2,2009-02-04
T,25.37,1,2009-02-03
T,25.16,0,2009-02-02
T,24.62,4,2009-01-30
T,24.71,3,2009-01-29
T,25.91,2,2009-01-28
T,25.93,1,2009-01-27
T,26.83,0,2009-01-26
T,26.12,4,2009-01-23
T,25.51,3,2009-01-22
T,25.79,2,2009-01-21
T,25.02,1,2009-01-20
T,25.23,4,2009-01-16
T,25.12,3,2009-01-15
T,25.41,2,2009-01-14
T,25.99,1,2009-01-13
T,25.94,0,2009-01-12
T,26.68,4,2009-01-09
T,27.18,3,2009-01-08
T,27.21,2,2009-01-07
T,28.30,1,2009-01-06
T,28.43,0,2009-01-05
T,29.42,4,2009-01-02
T,32.82,3,2015-03-26
T,32.62,2,2015-03-25
T,32.75,3,2015-04-16
T,32.89,2,2015-04-15
T,33.33,0,2015-04-06
T,33.13,3,2015-04-02
T,33.33,0,2015-04-06
T,33.13,3,2015-04-02
T,33.33,0,2015-04-06
T,33.13,3,2015-04-02
T,32.51,4,2015-04-17
T,32.75,3,2015-04-16
T,34.880001,3,2015-06-11
T,34.720001,2,2015-06-10
T,34.09,0,2015-04-27
T,34.01,4,2015-04-24
T,32.97,0,2015-03-30
T,32.75,4,2015-03-27
T,33.72,1,2015-05-05
T,34.53,0,2015-05-04
T,34.67,1,2015-05-26
T,34.71,4,2015-05-22
T,32.75,4,2015-03-27
T,32.82,3,2015-03-26
T,34.36,1,2015-06-02
T,34.35,0,2015-06-01
T,32.62,2,2015-03-25
T,33.07,1,2015-03-24
T,34.54,4,2015-05-29
T,34.80,3,2015-05-28
T,32.77,4,2015-04-10
T,32.69,3,2015-04-09
T,35.03,2,2015-06-03
T,34.36,1,2015-06-02
T,33.37,3,2015-05-07
T,33.38,2,2015-05-06
T,32.69,1,2015-04-14
T,32.88,0,2015-04-13
T,32.86,2,2015-04-22
T,32.66,1,2015-04-21
T,34.71,4,2015-05-22
T,35.07,3,2015-05-21
T,33.66,1,2015-05-12
T,33.49,0,2015-05-11
T,33.28,0,2015-03-23
T,33.23,4,2015-03-20
T,33.38,2,2015-05-06
T,33.72,1,2015-05-05
T,32.88,0,2015-04-13
T,32.77,4,2015-04-10
T,34.23,3,2015-04-23
T,32.86,2,2015-04-22
T,34.76,2,2015-04-29
T,34.86,1,2015-04-28
T,34.650002,4,2015-06-12
T,34.880001,3,2015-06-11
T,33.49,0,2015-05-11
T,33.69,4,2015-05-08
T,33.90,2,2015-05-13
T,33.66,1,2015-05-12
T,32.89,2,2015-04-15
T,32.69,1,2015-04-14
T,38.73,2,2016-06-01
T,39.150002,1,2016-05-31
T,39.790001,1,2016-06-07
T,39.34,0,2016-06-06
T,36.52,3,2016-10-27
T,36.43,2,2016-10-26
T,36.060001,4,2016-01-29
T,35.529999,3,2016-01-28
T,43.02,0,2016-08-15
T,43.279999,4,2016-08-12
T,38.630001,2,2016-11-30
T,39.48,1,2016-11-29
T,38.360001,4,2016-03-11
T,38.310001,3,2016-03-10
T,38.880001,3,2016-03-24
T,38.540001,2,2016-03-23
T,38.619999,2,2016-05-25
T,38.50,1,2016-05-24
T,39.110001,1,2016-05-17
T,39.279999,0,2016-05-16
T,38.84,3,2016-05-26
T,38.619999,2,2016-05-25
T,41.860001,2,2016-08-17
T,41.959999,1,2016-08-16
T,38.919998,0,2016-03-21
T,38.560001,4,2016-03-18
T,40.889999,1,2016-08-30
T,41.00,0,2016-08-29
T,38.77,2,2016-03-16
T,38.52,1,2016-03-15
T,40.849998,1,2016-08-23
T,40.91,0,2016-08-22
T,39.34,0,2016-06-06
T,39.209999,4,2016-06-03
T,38.630001,0,2016-12-05
T,38.610001,4,2016-12-02
T,39.349998,1,2016-12-06
T,36.77,1,2016-11-15
T,36.130001,0,2016-11-14
T,37.389999,1,2016-03-01
T,36.950001,0,2016-02-29
T,38.91,1,2016-05-03
T,39.099998,0,2016-05-02
T,43.349998,1,2016-07-05
T,43.470001,4,2016-07-01
T,38.990002,4,2016-05-06
T,38.740002,3,2016-05-05
T,33.900002,2,2016-01-20
T,34.509998,1,2016-01-19
T,40.950001,4,2016-09-02
T,40.959999,3,2016-09-01
T,42.66,3,2016-12-29
T,42.52,2,2016-12-28
T,39.369999,2,2016-03-30
T,39.450001,1,2016-03-29
T,36.43,2,2016-10-26
T,36.700001,1,2016-10-25
T,40.73,3,2016-09-29
T,40.849998,2,2016-09-28
T,38.610001,4,2016-12-02
T,38.880001,3,2016-12-01
T,41.110001,3,2016-09-22
T,40.57,2,2016-09-21
T,36.18,0,2016-02-01
T,36.060001,4,2016-01-29
T,38.919998,1,2016-04-19
T,38.650002,0,2016-04-18
T,37.490002,4,2016-10-21
T,38.650002,3,2016-10-20
T,41.139999,0,2016-09-26
T,41.279999,4,2016-09-23
T,35.400002,1,2016-01-26
T,35.00,0,2016-01-25
T,39.709999,4,2016-09-09
T,41.189999,3,2016-09-08
T,41.360001,1,2016-12-13
T,41.119999,0,2016-12-12
T,43.18,0,2016-08-01
T,43.290001,4,2016-07-29
T,38.07,4,2016-04-22
T,37.860001,3,2016-04-21
T,39.119999,3,2016-03-17
T,38.77,2,2016-03-16
T,36.509998,4,2016-11-11
T,36.57,3,2016-11-10
T,43.16,4,2016-08-05
T,43.080002,3,2016-08-04
T,43.470001,4,2016-07-01
T,43.209999,3,2016-06-30
T,33.540001,4,2016-01-08
T,33.509998,3,2016-01-07
T,41.23,1,2016-09-06
T,40.950001,4,2016-09-02
T,34.59,1,2016-01-05
T,34.349998,0,2016-01-04
T,42.529999,4,2016-12-30
T,42.66,3,2016-12-29
T,43.209999,3,2016-06-30
T,42.540001,2,2016-06-29
T,42.59,2,2016-07-13
T,42.41,1,2016-07-12
T,39.150002,1,2016-05-31
T,38.990002,4,2016-05-27
T,39.549999,3,2016-05-12
T,39.18,2,2016-05-11
T,42.02,1,2016-06-28
T,42.029999,0,2016-06-27
T,39.209999,4,2016-06-03
T,38.84,3,2016-06-02
T,37.990002,3,2016-03-03
T,37.689999,2,2016-03-02
T,36.560001,1,2016-11-01
T,36.790001,0,2016-10-31
T,40.330002,4,2016-06-10
T,40.09,3,2016-06-09
T,40.200001,4,2016-09-16
T,40.450001,3,2016-09-15
T,36.990002,1,2016-11-08
T,36.810001,0,2016-11-07
T,41.50,3,2016-12-15
T,41.099998,2,2016-12-14
T,36.860001,0,2016-02-22
T,36.57,4,2016-02-19
T,36.990002,3,2016-02-18
T,36.639999,2,2016-02-17
T,41.52,4,2016-06-24
T,41.880001,3,2016-06-23
T,42.720001,3,2016-12-22
T,42.360001,2,2016-12-21
T,41.279999,4,2016-09-23
T,41.110001,3,2016-09-22
T,37.110001,0,2016-02-08
T,36.880001,4,2016-02-05
T,42.52,2,2016-12-28
T,42.650002,1,2016-12-27
T,42.849998,0,2016-07-18
T,42.889999,4,2016-07-15
T,38.59,3,2016-04-07
T,38.639999,2,2016-04-06
T,36.209999,3,2016-02-11
T,36.43,2,2016-02-10
T,43.290001,4,2016-07-29
T,42.580002,3,2016-07-28
T,38.439999,3,2016-05-19
T,38.450001,2,2016-05-18
T,36.700001,1,2016-10-25
T,36.860001,0,2016-10-24
T,37.560001,4,2016-11-18
T,37.41,3,2016-11-17
T,40.09,3,2016-06-09
T,39.860001,2,2016-06-08
T,38.540001,2,2016-03-23
T,38.630001,1,2016-03-22
T,39.27,0,2016-10-17
T,39.220001,4,2016-10-14
T,33.740002,2,2016-01-13
T,33.900002,1,2016-01-12
T,40.849998,2,2016-09-28
T,41.459999,1,2016-09-27
T,39.099998,0,2016-05-02
T,38.82,4,2016-04-29
T,38.389999,0,2016-04-11
T,38.50,4,2016-04-08
T,43.16,1,2016-08-02
T,43.18,0,2016-08-01
T,39.349998,1,2016-12-06
T,38.630001,0,2016-12-05
T,37.740002,0,2016-11-21
T,37.560001,4,2016-11-18
T,42.380001,1,2016-07-26
T,42.939999,0,2016-07-25
T,41.880001,3,2016-06-23
T,41.299999,2,2016-06-22
T,39.970001,1,2016-09-13
T,40.709999,0,2016-09-12
T,38.84,3,2016-06-02
T,38.73,2,2016-06-01
T,37.98,2,2016-03-09
T,38.09,1,2016-03-08
T,39.099998,1,2016-10-11
T,39.009998,0,2016-10-10
T,39.07,0,2016-03-28
T,38.880001,3,2016-03-24
T,39.16,2,2016-10-05
T,39.900002,1,2016-10-04
T,36.630001,3,2016-11-03
T,41.119999,0,2016-12-12
T,40.380001,4,2016-12-09
T,38.639999,2,2016-04-06
T,39.189999,1,2016-04-05
T,36.57,3,2016-11-10
T,37.439999,2,2016-11-09
T,38.650002,0,2016-04-18
T,38.48,4,2016-04-15
T,35.139999,4,2016-01-22
T,34.540001,3,2016-01-21
T,42.470001,1,2016-12-20
T,42.119999,0,2016-12-19
T,39.279999,0,2016-05-16
T,39.150002,4,2016-05-13
T,43.080002,1,2016-08-09
T,42.93,0,2016-08-08
T,38.650002,3,2016-10-20
T,39.380001,2,2016-10-19
T,40.779999,0,2016-06-20
T,40.73,4,2016-06-17
T,38.73,2,2016-11-23
T,38.549999,1,2016-11-22
T,38.639999,3,2016-04-28
T,38.720001,2,2016-04-27
T,38.669998,1,2016-04-12
T,38.389999,0,2016-04-11
T,43.200001,2,2016-08-10
T,43.080002,1,2016-08-09
T,38.50,1,2016-05-24
T,38.32,0,2016-05-23
T,39.150002,4,2016-05-13
T,39.549999,3,2016-05-12
T,42.73,4,2016-12-23
T,42.720001,3,2016-12-22
T,39.889999,2,2016-09-14
T,39.970001,1,2016-09-13
T,36.630001,3,2016-11-03
T,36.369999,2,2016-11-02
T,40.41,3,2016-12-08
T,40.450001,2,2016-12-07
T,38.310001,3,2016-03-10
T,37.98,2,2016-03-09
T,42.77,1,2016-07-19
T,42.849998,0,2016-07-18
T,37.439999,2,2016-11-09
T,36.990002,1,2016-11-08
T,38.32,0,2016-03-14
T,38.360001,4,2016-03-11
T,34.060001,2,2016-01-06
T,34.59,1,2016-01-05
T,39.189999,1,2016-04-05
T,39.360001,0,2016-04-04
T,36.43,2,2016-02-10
T,36.650002,1,2016-02-09
T,37.93,4,2016-03-04
T,37.990002,3,2016-03-03
T,38.560001,4,2016-03-18
T,39.119999,3,2016-03-17
T,40.060001,0,2016-09-19
T,40.200001,4,2016-09-16
T,38.740002,3,2016-05-05
T,38.880001,2,2016-05-04
T,39.380001,2,2016-10-19
T,39.360001,1,2016-10-18
T,35.00,0,2016-01-25
T,35.139999,4,2016-01-22
T,42.299999,3,2016-07-07
T,43.099998,2,2016-07-06
T,33.990002,4,2016-01-15
T,34.299999,3,2016-01-14
T,40.450001,3,2016-09-15
T,39.889999,2,2016-09-14
T,39.900002,1,2016-10-04
T,40.77,0,2016-10-03
T,36.880001,4,2016-02-05
T,36.529999,3,2016-02-04
T,36.529999,3,2016-02-04
T,36.720001,2,2016-02-03
T,39.540001,0,2016-11-28
T,39.209999,4,2016-11-25
T,39.310001,1,2016-05-10
T,38.860001,0,2016-05-09
T,43.139999,2,2016-08-03
T,43.16,1,2016-08-02
T,39.049999,4,2016-04-01
T,39.169998,3,2016-03-31
T,41.400002,3,2016-08-18
T,41.860001,2,2016-08-17
T,37.369999,3,2016-02-25
T,37.099998,2,2016-02-24
T,37.130001,4,2016-02-26
T,37.369999,3,2016-02-25
T,36.50,4,2016-11-04
T,36.860001,0,2016-10-24
T,37.490002,4,2016-10-21
T,40.380001,1,2016-06-14
T,40.189999,0,2016-06-13
T,38.630001,1,2016-03-22
T,38.919998,0,2016-03-21
T,41.189999,3,2016-09-08
T,41.27,2,2016-09-07
T,40.490002,3,2016-06-16
T,40.290001,2,2016-06-15
T,41.099998,2,2016-12-14
T,41.360001,1,2016-12-13
T,36.720001,2,2016-02-03
T,36.060001,1,2016-02-02
T,34.540001,3,2016-01-21
T,33.900002,2,2016-01-20
T,42.93,0,2016-08-08
T,43.16,4,2016-08-05
T,37.150002,2,2016-11-16
T,36.77,1,2016-11-15
T,39.369999,3,2016-10-13
T,39.330002,2,2016-10-12
T,36.060001,1,2016-02-02
T,36.18,0,2016-02-01
T,38.549999,1,2016-11-22
T,37.740002,0,2016-11-21
T,33.950001,0,2016-01-11
T,33.540001,4,2016-01-08
T,38.32,0,2016-05-23
T,38.450001,4,2016-05-20
T,41.07,1,2016-06-21
T,40.779999,0,2016-06-20
T,38.52,1,2016-03-15
T,38.32,0,2016-03-14
T,38.990002,4,2016-05-27
T,38.84,3,2016-05-26
T,38.48,4,2016-04-15
T,38.419998,3,2016-04-14
T,42.119999,0,2016-12-19
T,41.669998,4,2016-12-16
T,42.889999,4,2016-07-15
T,42.77,3,2016-07-14
T,41.299999,2,2016-06-22
T,41.07,1,2016-06-21
T,42.029999,0,2016-06-27
T,41.52,4,2016-06-24
T,36.790001,0,2016-10-31
T,36.509998,4,2016-10-28
T,37.860001,3,2016-04-21
T,38.720001,2,2016-04-20
T,40.709999,0,2016-09-12
T,39.709999,4,2016-09-09
T,42.709999,2,2016-07-20
T,42.77,1,2016-07-19
T,39.169998,3,2016-03-31
T,39.369999,2,2016-03-30
T,39.450001,1,2016-03-29
T,39.07,0,2016-03-28
T,33.509998,3,2016-01-07
T,34.060001,2,2016-01-06
T,37.689999,2,2016-03-02
T,37.389999,1,2016-03-01
T,36.740002,1,2016-02-23
T,36.860001,0,2016-02-22
T,40.77,0,2016-10-03
T,40.610001,4,2016-09-30
T,36.57,4,2016-02-19
T,36.990002,3,2016-02-18
T,36.130001,0,2016-11-14
T,36.509998,4,2016-11-11
T,42.52,3,2016-07-21
T,42.709999,2,2016-07-20
T,38.209999,0,2016-04-25
T,38.07,4,2016-04-22
T,42.77,3,2016-07-14
T,42.59,2,2016-07-13
T,42.540001,2,2016-06-29
T,42.02,1,2016-06-28
T,42.650002,1,2016-12-27
T,42.939999,0,2016-07-25
T,43.110001,4,2016-07-22
T,38.860001,0,2016-05-09
T,38.990002,4,2016-05-06
T,43.099998,2,2016-07-06
T,43.349998,1,2016-07-05
T,36.470001,4,2016-02-12
T,36.209999,3,2016-02-11
T,36.950001,0,2016-02-29
T,37.130001,4,2016-02-26
T,40.380001,4,2016-12-09
T,40.41,3,2016-12-08
T,36.509998,4,2016-10-28
T,36.52,3,2016-10-27
T,43.110001,4,2016-07-22
T,42.52,3,2016-07-21
T,38.130001,0,2016-03-07
T,37.93,4,2016-03-04
T,38.09,1,2016-03-08
T,38.130001,0,2016-03-07
T,39.209999,4,2016-11-25
T,38.73,2,2016-11-23
T,36.369999,2,2016-11-02
T,36.560001,1,2016-11-01
T,40.57,2,2016-09-21
T,39.959999,1,2016-09-20
T,38.880001,2,2016-05-04
T,38.91,1,2016-05-03
T,42.759998,2,2016-07-27
T,42.380001,1,2016-07-26
T,43.279999,4,2016-08-12
T,43.389999,3,2016-08-11
T,38.50,4,2016-04-08
T,38.59,3,2016-04-07
T,38.869999,4,2016-10-07
T,39.110001,3,2016-10-06
T,34.349998,0,2016-01-04
T,34.41,3,2015-12-31
T,42.73,4,2016-12-23
T,38.880001,3,2016-12-01
T,38.630001,2,2016-11-30
T,42.360001,2,2016-12-21
T,42.470001,1,2016-12-20
T,40.68,4,2016-08-26
T,41.07,3,2016-08-25
T,39.110001,3,2016-10-06
T,39.16,2,2016-10-05
T,39.18,2,2016-05-11
T,39.310001,1,2016-05-10
T,33.900002,1,2016-01-12
T,33.950001,0,2016-01-11
T,41.009998,4,2016-08-19
T,41.400002,3,2016-08-18
T,41.07,3,2016-08-25
T,40.869999,2,2016-08-24
T,35.529999,3,2016-01-28
T,35.48,2,2016-01-27
T,38.450001,4,2016-05-20
T,38.439999,3,2016-05-19
T,36.650002,1,2016-02-16
T,36.470001,4,2016-02-12
T,39.360001,0,2016-04-04
T,39.049999,4,2016-04-01
T,40.290001,2,2016-06-15
T,40.380001,1,2016-06-14
T,37.099998,2,2016-02-24
T,36.740002,1,2016-02-23
T,39.860001,2,2016-06-08
T,39.790001,1,2016-06-07
T,39.220001,4,2016-10-14
T,39.369999,3,2016-10-13
T,42.41,1,2016-07-12
T,42.509998,0,2016-07-11
T,38.720001,2,2016-04-27
T,38.09,1,2016-04-26
T,41.669998,4,2016-12-16
T,41.50,3,2016-12-15
T,40.880001,2,2016-08-31
T,40.889999,1,2016-08-30
T,42.580002,3,2016-07-28
T,42.759998,2,2016-07-27
T,39.959999,1,2016-09-20
T,40.060001,0,2016-09-19
T,42.610001,4,2016-07-08
T,42.299999,3,2016-07-07
T,41.459999,1,2016-09-27
T,41.139999,0,2016-09-26
T,34.509998,1,2016-01-19
T,33.990002,4,2016-01-15
T,39.48,1,2016-11-29
T,39.540001,0,2016-11-28
T,40.610001,4,2016-09-30
T,40.73,3,2016-09-29
T,39.360001,1,2016-10-18
T,39.27,0,2016-10-17
T,36.639999,2,2016-02-17
T,36.650002,1,2016-02-16
T,40.73,4,2016-06-17
T,40.490002,3,2016-06-16
T,43.389999,3,2016-08-11
T,43.200001,2,2016-08-10
T,35.48,2,2016-01-27
T,35.400002,1,2016-01-26
T,41.959999,1,2016-08-16
T,43.02,0,2016-08-15
T,42.509998,0,2016-07-11
T,42.610001,4,2016-07-08
T,36.650002,1,2016-02-09
T,37.110001,0,2016-02-08
T,38.450001,2,2016-05-18
T,39.110001,1,2016-05-17
T,40.189999,0,2016-06-13
T,40.330002,4,2016-06-10
T,41.00,0,2016-08-29
T,40.68,4,2016-08-26
T,38.09,1,2016-04-26
T,38.209999,0,2016-04-25
T,34.299999,3,2016-01-14
T,33.740002,2,2016-01-13
T,38.25,2,2016-04-13
T,38.669998,1,2016-04-12
T,38.82,4,2016-04-29
T,38.639999,3,2016-04-28
T,38.720001,2,2016-04-20
T,38.919998,1,2016-04-19
T,43.080002,3,2016-08-04
T,43.139999,2,2016-08-03
T,38.419998,3,2016-04-14
T,38.25,2,2016-04-13
T,39.330002,2,2016-10-12
T,39.099998,1,2016-10-11
